country,price_type,market,commodity,post_covid,yearly
Cote d'Ivoire,Retail,Abidjan,Attieke,-0.061538462,-0.031746032
Cameroon,Retail,Yaoundé,Bananas (plantains),0.0,0.0
Cameroon,Retail,Bafoussam,Bananas (plantains),-0.305555556,0.041666667
Morocco,Retail,National Average,Barley (imported),-0.034482759,-0.034482759
Cote d'Ivoire,Retail,Abidjan,Banana (plantains),0.769230769,0.232142857
Morocco,Retail,National Average,Barley (local),0.588235294,1.076923077
Cameroon,Retail,Douala,Bananas (plantains),-0.117647059,-0.02173913
Democratic Republic of the Congo,Retail,Bukavu,Beans,-0.112676056,0.852941177
Cameroon,Retail,Bamenda,Bananas (plantains),0.029411765,0.060606061
Democratic Republic of the Congo,Retail,Goma,Beans,0.333333333,0.632653061
Rwanda,Wholesale,Kigali,Beans,-0.122807018,-0.166666667
Democratic Republic of the Congo,Retail,Lubumbashi,Beans,0.371212121,0.0
Rwanda,Wholesale,Ruhengeri,Beans,-0.056603774,0.0
Costa Rica,Retail,National Average,Beans (black),0.014563107,0.060913706
United Republic of Tanzania,Wholesale,Dar es Salaam,Beans,0.0,0.228571429
Uganda,Wholesale,Lira,Beans,0.174603175,0.121212121
Uganda,Wholesale,Kampala,Beans,0.25,0.214285714
Costa Rica,Wholesale,National Average,Beans (black),0.05,0.06779661
Haiti,Retail,Cap Haitien,Beans (black),0.204545455,0.522988506
Dominican Republic,Retail,Santo Domingo,Beans (black),0.032786885,0.131736527
Dominican Republic,Wholesale,Santo Domingo,Beans (black),0.024390244,0.244444444
Guatemala,Wholesale,Guatemala City,Beans (black),0.355769231,0.532608696
Guatemala,Wholesale,National Average,Beans (black),0.352941177,0.516483517
Haiti,Retail,Ouanaminthe,Beans (black),0.055555556,0.41954023
Haiti,Retail,Les Cayes,Beans (black),0.06010929,0.375886525
Haiti,Retail,Jeremie,Beans (black),0.371621622,0.460431655
Haiti,Retail,Jacmel,Beans (black),0.104166667,0.350318471
Haiti,Retail,Hinche,Beans (black),0.31840796,0.4171123
Haiti,Retail,Port-au-Prince,Beans (black),0.115789474,0.723577236
Mexico,Wholesale,Guadalajara,Beans (black),0.010752688,0.056179775
Mexico,Wholesale,Puebla,Beans (black),0.289340102,0.0995671
Mexico,Wholesale,Mexico City,Beans (black),0.134426229,0.098412698
Mexico,Wholesale,Xalapa,Beans (black),0.082568807,0.123809524
Panama,Wholesale,Panama City,Beans (poroto),0.119791667,0.102564103
Panama,Retail,Panama City,Beans (poroto),0.157446809,0.253456221
El Salvador,Wholesale,San Salvador,Beans (red),0.32173913,0.433962264
Dominican Republic,Retail,Santo Domingo,Beans (red),0.026785714,0.059907834
El Salvador,Retail,San Salvador,Beans (red),0.094890511,0.190476191
Cameroon,Retail,Bafoussam,Beans (red),0.060869565,0.418604651
Cameroon,Retail,Bamenda,Beans (red),-0.011494253,-0.054945055
Cameroon,Retail,Garoua,Beans (red),0.005780347,0.260869565
Cameroon,Retail,Yaoundé,Beans (red),0.095238095,0.026785714
Costa Rica,Wholesale,National Average,Beans (red),0.029126214,0.014354067
Dominican Republic,Wholesale,Santo Domingo,Beans (red),-0.036082474,0.074712644
Costa Rica,Retail,National Average,Beans (red),0.026315789,0.073394495
Haiti,Retail,Cap Haitien,Beans (red),0.0,0.064257028
Haiti,Retail,Hinche,Beans (red),0.228855721,0.55345912
Haiti,Retail,Jacmel,Beans (red),0.25,0.310160428
Haiti,Retail,Jeremie,Beans (red),0.145945946,0.284848485
Haiti,Retail,Les Cayes,Beans (red),0.320855615,0.260204082
Haiti,Retail,Ouanaminthe,Beans (red),0.014285714,-0.024054983
Haiti,Retail,Port-au-Prince,Beans (red),0.143518519,0.403409091
Honduras,Wholesale,National Average,Beans (red),0.088709677,0.534090909
Honduras,Wholesale,San Pedro Sula,Beans (red),0.117647059,0.564705882
Honduras,Wholesale,Tegucigalpa,Beans (red),0.149122807,0.541176471
Nicaragua,Wholesale,Managua (oriental),Beans (red),0.125169837,0.684036604
Panama,Wholesale,Panama City,Beans (red),-0.039152299,-0.043162036
Panama,Retail,Panama City,Beans (red),0.046808511,0.046808511
El Salvador,Retail,San Salvador,Beans (red),0.058441558,0.086666667
El Salvador,Wholesale,San Salvador,Beans (red),0.244274809,0.393162393
Iraq,Retail,National Average,Beans (wild),0.031746032,0.147058824
Dominican Republic,Retail,Santo Domingo,Beans (white),0.103286385,0.151960784
Nicaragua,Wholesale,Managua (oriental),Beans (red),0.133858268,0.694117647
Argentina,Retail,Greater Buenos Aires,Beef meat,0.20212766,0.107843137
Egypt,Retail,National Average,Beef meat,0.083969466,-0.011600928
Azerbaijan,Retail,National Average,Beef meat,0.021035599,0.060504202
Botswana,Retail,National Average,Beef meat,0.014778325,0.024875622
Cote d'Ivoire,Retail,Abidjan,Beef meat,-0.005037783,-0.043583535
Georgia,Retail,National Average,Beef meat,-0.037766831,-0.003401361
Kazakhstan,Retail,Aktau,Beef meat,-0.004514673,0.002272727
Kazakhstan,Retail,Almaty,Beef meat,-0.067272727,0.100858369
Kazakhstan,Retail,Kostanay,Beef meat,0.019047619,0.080808081
Kazakhstan,Retail,Nur-Sultan,Beef meat,0.034482759,0.101511879
Kazakhstan,Wholesale,National Average,Beef meat,0.643533123,0.62305296
Kazakhstan,Retail,National Average,Beef meat,-0.023758099,0.071090047
Kyrgyzstan,Retail,Batken,Beef meat,-0.067209776,-0.029661017
Kyrgyzstan,Retail,Bishkek,Beef meat,-0.053359684,0.016985138
Kyrgyzstan,Retail,Jalal-Abad,Beef meat,-0.05988024,0.00212766
Kyrgyzstan,Retail,Naryn,Beef meat,0.028384279,0.028384279
Kyrgyzstan,Retail,National Average,Beef meat,-0.070993915,-0.010799136
Kyrgyzstan,Retail,Osh,Beef meat,-0.053892216,0.004237288
Mauritania,Retail,Nouakchott,Beef meat,-0.100737101,-0.100737101
Mongolia,Retail,Selenge,Beef meat,0.259786477,-0.149038462
Mongolia,Retail,Dornod,Beef meat,0.236467237,-0.02690583
Mongolia,Retail,Bayan-Ulgii,Beef meat,0.145833333,-0.061433447
Afghanistan,Retail,Jalalabad,Bread,0.015625,0.015625
Afghanistan,Retail,Herat,Bread,0.710526316,0.710526316
Afghanistan,Retail,Kabul,Bread,0.204081633,0.204081633
Afghanistan,Retail,Kandahar,Bread,0.088888889,0.088888889
Tajikistan,Retail,National Average,Beef meat,0.014373717,0.181818182
Mongolia,Retail,Ulaanbaatar,Beef meat,0.158176944,0.048543689
Mongolia,Retail,Uvurkhangai,Beef meat,0.156050955,0.190163934
Russian Federation,Retail,National Average,Beef meat,-0.101289134,-0.056092843
South Africa,Retail,National Average,Beef meat,-0.071929825,-0.065371025
Tunisia,Retail,National Average,Beef meat,0.047034765,0.185185185
Afghanistan,Retail,Jalalabad,Bread,0.015625,0.015625
Afghanistan,Retail,Herat,Bread,0.710526316,0.710526316
Afghanistan,Retail,Kabul,Bread,0.204081633,0.204081633
Afghanistan,Retail,Kandahar,Bread,0.088888889,0.088888889
Bolivia,Retail,Potosi,Bread,0.0,0.0
Chile,Retail,Santiago,Bread,0.023809524,-0.080213904
Kyrgyzstan,Retail,Bishkek,Bread,-0.047619048,0.0
Kyrgyzstan,Retail,Batken,Bread,-0.078947368,-0.078947368
Georgia,Retail,National Average,Bread,-0.047619048,-0.117647059
Kyrgyzstan,Retail,National Average,Bread,-0.046153846,-0.015873016
Kyrgyzstan,Retail,Naryn,Bread,-0.070588235,0.012820513
Kyrgyzstan,Retail,Jalal-Abad,Bread,-0.02739726,0.075757576
Kyrgyzstan,Retail,Osh,Bread,-0.084507042,-0.155844156
Russian Federation,Retail,National Average,Bread,-0.088607595,-0.064935065
Panama,Retail,Panama City,Bread,0.0,0.0
Russian Federation,Retail,National Average,Bread,-0.088607595,-0.064935065
Tunisia,Retail,National Average,Bread,0.0,0.0
Zimbabwe,Retail,Bulawayo,Bread,0.096774194,0.511111111
Zimbabwe,Retail,Manicaland,Bread,0.255319149,0.216494845
Zimbabwe,Retail,Harare,Bread,0.112903226,0.4375
Zimbabwe,Retail,Mash east,Bread,0.075630252,0.122807018
Zimbabwe,Retail,Mash central,Bread,0.115702479,0.144067797
Zimbabwe,Retail,Masvingo,Bread,-0.239669422,-0.08
Zimbabwe,Retail,Mash west,Bread,0.168224299,0.506024096
Israel,Retail,National Average,Bread (Sabbath loaf),-0.007194245,0.022222222
Peru,Retail,Lima,Bread (French type),-0.009950249,-0.014851485
Brazil,Retail,São Paulo,Bread (French type),-0.235087719,-0.27090301
Zimbabwe,Retail,Mat north,Bread,-0.075630252,0.325301205
Zimbabwe,Retail,Mat south,Bread,0.130434783,0.130434783
Zimbabwe,Retail,Midlands,Bread,-0.034188034,0.066037736
Argentina,Retail,Greater Buenos Aires,Bread (French type),-0.056179775,-0.101604278
Eswatini,Retail,Hhohho,Bread (brown),-0.175,-0.214285714
Eswatini,Retail,Manzini,Bread (brown),-0.15,-0.190476191
Eswatini,Retail,Lubombo,Bread (brown),-0.208333333,-0.25
Belarus,Retail,Minsk,Bread (high grade flour),-0.086330935,-0.066176471
Azerbaijan,Retail,National Average,Bread (high grade flour),0.0,0.0
Armenia,Retail,National Average,Bread (high grade flour),0.0,0.010204082
Tajikistan,Retail,National Average,Bread (first grade flour),-0.206896552,-0.041666667
Armenia,Retail,National Average,Bread (first grade flour),-0.011627907,-0.011627907
Eswatini,Retail,National average,Bread (brown),-0.17721519,-0.207317073
Eswatini,Retail,Shiselweni,Bread (brown),-0.175,-0.214285714
South Africa,Retail,National Average,Bread (brown),-0.108333333,-0.137096774
Eswatini,Retail,Hhohho,Bread (white),-0.177777778,-0.212765957
Belarus,Retail,National Average,Bread (high grade flour),-0.104477612,-0.076923077
Eswatini,Retail,Lubombo,Bread (white),-0.210526316,-0.25
Eswatini,Retail,Manzini,Bread (white),-0.177777778,-0.212765957
Eswatini,Retail,National average,Bread (white),-0.174418605,-0.211111111
Eswatini,Retail,Shiselweni,Bread (white),-0.177777778,-0.212765957
Occupied Palestinian Territory,Retail,Gaza Strip,Bread (white),0.0,0.014705882
Occupied Palestinian Territory,Retail,West Bank,Bread (white),-0.008849558,0.027522936
South Africa,Retail,National Average,Bread (white),-0.106870229,-0.145985402
Japan,Retail,Tokyo,Cabbage,0.655405405,0.540880503
Zambia,Retail,National Average,Breakfast maize meal,-0.209302326,0.0625
Japan,Retail,Osaka,Cabbage,0.462962963,0.394117647
Mauritania,Retail,Nouakchott,Camel meat,-0.106382979,-0.135011442
South Sudan,Retail,Juba,Cassava,1.358974359,1.139534884
Mozambique,Retail,Nampula,Cassava (dry),0.783783784,0.294117647
Mozambique,Wholesale,Nampula,Cassava (dry),0.5,0.043478261
Angola,Retail,Luanda,Cassava (flour),-0.027777778,-0.31372549
Democratic Republic of the Congo,Retail,Bukavu,Cassava (flour),-0.019607843,-0.038461538
Democratic Republic of the Congo,Retail,Goma,Cassava (flour),0.1875,0.5
Democratic Republic of the Congo,Retail,Lubumbashi,Cassava (flour),-0.011363636,0.0
Thailand,Wholesale,Bangkok,Cassava (flour),-0.11627907,-0.11627907
Paraguay,Wholesale,Asunción,Cassava (flour),-0.016129032,-0.031746032
Cote d'Ivoire,Retail,Abidjan,Cassava (fresh),0.0,0.125
Benin,Retail,Cotonou,Cassava (gari),0.325,0.292682927
Cabo Verde,Retail,São Vicente,Cassava (manioc),0.608333333,0.531746032
Benin,Retail,Natitingou,Cassava (gari),0.022222222,0.022222222
Benin,Retail,Parakou,Cassava (gari),-0.063829787,0.0
Togo,Retail,Amegnran,Cassava (gari),0.739130435,1.352941176
Togo,Retail,Anie,Cassava (gari),-0.029411765,-0.153846154
Togo,Retail,Cinkassé,Cassava (gari),-0.047619048,-0.183673469
Togo,Retail,Kara,Cassava (gari),0.264705882,0.131578947
Togo,Retail,Korbongou,Cassava (gari),0.275,0.108695652
Togo,Retail,Lomé,Cassava (gari),0.044444444,0.146341463
Cabo Verde,Retail,Santo Antão,Cassava (manioc),0.113636364,0.256410256
Cabo Verde,Retail,Santiago,Cassava (manioc),-0.112956811,-0.121710526
Ghana,Wholesale,Accra,Cassava (manioc),0.739130435,0.081081081
Ghana,Wholesale,Tamale,Cassava (manioc),0.481481482,0.0
Ghana,Wholesale,Techiman,Cassava (manioc),1.166666667,0.857142857
Cameroon,Retail,Douala,Cassava (root),-0.117647059,-0.032258065
Peru,Retail,Lima,Chicken (without offals),-0.160194175,-0.254310345
Dominican Republic,Retail,Santo Domingo,Chicken (processed),-0.257425743,-0.324324324
Malawi,Retail,Mzuzu,Cassava (root),-0.320754717,-0.320754717
Israel,Retail,National Average,Chicken meat,-0.042274052,-0.01793722
Cameroon,Retail,Yaoundé,Cassava (root),0.171428571,0.108108108
Bolivia,Wholesale,Cochabamba,Chicken meat,-0.261780105,0.084615385
Bolivia,Wholesale,La Paz,Chicken meat,-0.25,0.117241379
Bolivia,Retail,La Paz,Chicken meat,-0.37751004,-0.268867925
Bolivia,Retail,Oruro,Chicken meat,-0.384920635,-0.320175439
Bolivia,Wholesale,Oruro,Chicken meat,-0.160621762,0.14084507
Bolivia,Retail,Potosi,Chicken meat,-0.270833333,-0.264705882
Bolivia,Retail,Santa Cruz,Chicken meat,-0.181818182,-0.354066986
Bolivia,Wholesale,Santa Cruz,Chicken meat,-0.037878788,0.032520325
Bolivia,Retail,Sucre,Chicken meat,-0.279527559,-0.253061225
Bolivia,Retail,Tarija,Chicken meat,-0.244131455,-0.157068063
Occupied Palestinian Territory,Retail,Gaza Strip,Chicken meat,0.154046997,-0.179962894
Bolivia,Retail,Trinidad,Chicken meat,-0.328767123,-0.257575758
Bolivia,Wholesale,Trinidad,Chicken meat,-0.076555024,0.037634409
Georgia,Retail,National Average,Chicken meat,-0.069672131,-0.126923077
Yemen,Retail,Hadramout,Chicken meat,0.060263653,-0.008802817
Yemen,Retail,Dhamar,Chicken meat,0.032840723,0.0
Tunisia,Retail,National Average,Chicken meat,-0.125490196,0.032407407
Thailand,Wholesale,Bangkok,Chicken meat,-0.076433121,-0.02027027
Samoa,Retail,National Average,Chicken meat,-0.098360656,0.050955414
Occupied Palestinian Territory,Retail,West Bank,Chicken meat,-0.167070218,-0.085106383
India,Retail,New Delhi,Chickpeas,0.059405941,0.009433962
India,Retail,Mumbai,Chickpeas,0.075471698,0.075471698
India,Retail,Chennai,Chickpeas,0.042105263,0.076086957
Saudi Arabia,Retail,National Average,Chicken meat,0.04320432,0.030222222
Yemen,Retail,Hajjah,Chicken meat,0.015600624,0.028436019
Yemen,Retail,Hodeidah,Chicken meat,-0.015457788,0.295774648
South Africa,Retail,National Average,Chicken meat,-0.076219512,-0.114035088
Panama,Wholesale,Panama City,Lentils,0.382022472,0.108108108
Tunisia,Retail,National Average,Lamb meat,0.032553408,0.16
South Sudan,Retail,Juba,Groundnuts,0.9375,0.841584158
Myanmar,Retail,Yangon,Groundnut Oil,0.09,0.09
Nigeria,Wholesale,Ibadan,Gari (white),0.75,0.909090909
Nigeria,Wholesale,Kano,Gari (white),-0.05,0.0
Nigeria,Wholesale,Kaura Namoda,Gari (white),-0.041666667,-0.08
Nigeria,Wholesale,Lagos,Gari (white),0.714285714,0.714285714
Nigeria,Wholesale,Maiduguri,Gari (white),0.25,0.346153846
Myanmar,Retail,Yangon,Gram,0.219047619,0.28
Panama,Retail,Panama City,Lentils,0.205555556,0.205555556
Benin,Retail,Cotonou,Maize,0.0,0.0
Benin,Retail,Natitingou,Maize,0.08,0.038461538
Benin,Retail,Parakou,Maize,0.035714286,-0.09375
Burundi,Wholesale,Bujumbura,Maize,-0.349206349,0.366666667
Cameroon,Retail,Douala,Maize,-0.017241379,0.055555556
Cameroon,Retail,Bamenda,Maize,0.0,0.045454545
Cameroon,Retail,Bafoussam,Maize,0.139534884,0.088888889
Burundi,Wholesale,Ngozi,Maize,-0.412698413,0.321428571
Burundi,Wholesale,Gitega,Maize,-0.327272727,0.541666667
Dominican Republic,Wholesale,Santo Domingo,Maize,0.106382979,-0.315789474
Chad,Retail,N'Djamena,Maize,0.113636364,0.225
Cameroon,Retail,Garoua,Maize,0.0,-0.032258065
Cameroon,Retail,Yaoundé,Maize,0.028169014,0.177419355
Chad,Retail,Bol,Maize,0.633333333,0.580645161
Chad,Retail,Moussoro,Maize,0.464285714,0.025
Chad,Retail,N'Djamena,Maize,0.108108108,0.205882353
Democratic Republic of the Congo,Retail,Goma,Maize,-0.208333333,0.357142857
Dominican Republic,Retail,Santo Domingo,Maize,0.0,-0.2375
Ecuador,Wholesale,Ambato,Maize,-0.338235294,-0.02173913
Ghana,Wholesale,Accra,Maize,-0.0625,-0.032258065
Ethiopia,Wholesale,Mekele,Maize,0.051282051,0.576923077
Ethiopia,Wholesale,Diredawa,Maize,-0.17948718,0.185185185
Ethiopia,Wholesale,Bahirdar,Maize,-0.076923077,0.384615385
Ecuador,Wholesale,Guayaquil,Maize,-0.178571429,0.045454545
Ecuador,Wholesale,Quito,Maize,-0.666666667,-0.275862069
Ecuador,Wholesale,Riobamba,Maize,-0.535211268,-0.25
Ethiopia,Wholesale,Addis Ababa,Maize,-0.166666667,0.0
Ghana,Wholesale,Kumasi,Maize,0.133333333,0.096774194
Ghana,Wholesale,Bolgatanga,Maize,0.117647059,-0.208333333
Kenya,Wholesale,Kisumu,Maize,1.764705882,0.678571429
Ghana,Wholesale,Tamale,Maize,0.25,0.0
Ghana,Wholesale,Techiman,Maize,0.357142857,-0.269230769
Israel,Wholesale,National Average,Maize,0.0,0.0
Kenya,Wholesale,Eldoret,Maize,-0.117647059,0.5
Malawi,Retail,Liwonde,Maize,-0.388888889,0.0
Malawi,Retail,Lilongwe,Maize,-0.171428571,0.208333333
Kenya,Wholesale,Nakuru,Maize,0.0,0.5
Kenya,Wholesale,Nairobi,Maize,-0.230769231,0.153846154
Kenya,Wholesale,Mombasa,Maize,-0.230769231,0.153846154
Niger,Retail,Zinder,Maize,0.033333333,-0.03125
Niger,Retail,Tillaberi,Maize,-0.029411765,-0.029411765
Niger,Retail,Niamey,Maize,0.09375,0.060606061
Niger,Retail,Maradi,Maize,0.2,0.161290323
Niger,Retail,Dosso,Maize,0.033333333,0.0
Malawi,Retail,Mzimba,Maize,-0.259259259,0.333333333
Malawi,Retail,Mzuzu,Maize,-0.12,0.1
Malawi,Retail,National Average,Maize,-0.323529412,0.045454545
Malawi,Retail,Nsanje,Maize,-0.333333333,-0.043478261
Niger,Retail,Agadez,Maize,0.0,-0.024390244
Rwanda,Wholesale,Ruhengeri,Maize,-0.289473684,-0.035714286
Panama,Retail,Panama City,Maize,0.0,0.0
Panama,Wholesale,Panama City,Maize,-0.078431373,-0.06
Rwanda,Wholesale,Kigali,Maize,-0.395348837,-0.103448276
United Republic of Tanzania,Wholesale,Dar es Salaam,Maize,-0.404761905,0.0
United Republic of Tanzania,Wholesale,Arusha,Maize,-0.358974359,0.041666667
Uganda,Wholesale,Masindi,Maize,0.034482759,0.153846154
Uganda,Wholesale,Lira,Maize,0.035714286,0.0
Uganda,Wholesale,Kampala,Maize,-0.032258065,-0.032258065
Uganda,Wholesale,Kabale,Maize,0.1,0.1
Paraguay,Wholesale,Asunción,Maize (flour),-0.010869565,0.096385542
Angola,Retail,Luanda,Maize (flour),-0.01744186,-0.238738739
Democratic Republic of the Congo,Retail,Bukavu,Maize (flour),-0.111111111,0.20754717
Democratic Republic of the Congo,Retail,Goma,Maize (flour),-0.056603774,0.351351351
Guinea,Retail,Conakry,Maize (flour),-0.104761905,-0.153153153
Morocco,Retail,National Average,Maize,-0.138888889,-0.126760563
Russian Federation,Wholesale,National Average,Maize,0.066666667,-0.111111111
Cabo Verde,Retail,Santiago,Maize (local),-0.072580645,-0.041666667
Cabo Verde,Retail,Santo Antão,Maize (local),-0.058333333,-0.058333333
Colombia,Wholesale,MedellÃ­n,Maize (white),-0.15,-0.190476191
Costa Rica,Wholesale,National Average,Maize (white),-0.09375,-0.064516129
Costa Rica,Retail,National Average,Maize (white),-0.02247191,-0.011363636
Honduras,Wholesale,Tegucigalpa,Maize (white),0.242424242,0.108108108
Honduras,Wholesale,San Pedro Sula,Maize (white),0.114285714,0.054054054
Guatemala,Wholesale,National Average,Maize (white),0.264705882,0.102564103
Guatemala,Wholesale,Guatemala City,Maize (white),0.294117647,0.1
El Salvador,Wholesale,San Salvador,Maize (white),0.081081081,-0.024390244
El Salvador,Retail,San Salvador,Maize (white),0.0,0.0
Honduras,Wholesale,National Average,Maize (white),0.176470588,0.111111111
Mozambique,Retail,Angonia,Maize (white),-0.484848485,-0.260869565
Mozambique,Retail,Chokwe,Maize (white),-0.2,0.0
Mozambique,Retail,Gorongosa,Maize (white),-0.485714286,0.285714286
Mozambique,Retail,Manica,Maize (white),-0.225806452,-0.172413793
Mozambique,Wholesale,Maputo,Maize (white),-0.136363636,0.0
Mozambique,Retail,Maputo,Maize (white),-0.155555556,0.225806452
Mozambique,Retail,Montepuez,Maize (white),0.05,0.826086957
Mozambique,Retail,Nampula,Maize (white),-0.297297297,0.130434783
Mozambique,Wholesale,Nampula,Maize (white),-0.0625,0.363636364
Mozambique,Retail,Ribaue,Maize (white),-0.1875,-0.037037037
Nicaragua,Wholesale,Managua (oriental),Maize (white),0.48,0.121212121
Nigeria,Wholesale,Giwa,Maize (white),-0.125,0.12
Nigeria,Wholesale,Ibadan,Maize (white),0.060606061,0.060606061
Paraguay,Wholesale,Asunción,Maize (white),-0.376623377,0.170731707
Nigeria,Wholesale,Maiduguri,Maize (white),0.0,0.068965517
Nigeria,Wholesale,Lagos,Maize (white),0.088235294,0.088235294
Nigeria,Wholesale,Kaura Namoda,Maize (white),0.034482759,0.0
Nigeria,Wholesale,Kano,Maize (white),-0.03125,0.068965517
Philippines,Wholesale,South Cotabato,Maize (white),0.192307692,0.0
Peru,Retail,Lima,Maize (white),0.021978022,0.016393443
Philippines,Wholesale,National Average,Maize (white),0.117647059,-0.11627907
Philippines,Retail,National Average,Maize (white),0.037735849,-0.017857143
Somalia,Retail,Belet Weyne,Maize (white),0.108108108,0.464285714
Somalia,Retail,Baidoa,Maize (white),0.107142857,0.409090909
Somalia,Retail,Hargeisa,Maize (white),0.0,-0.058823529
Somalia,Retail,Borama,Maize (white),-0.066666667,-0.066666667
Somalia,Retail,Buale,Maize (white),0.15625,0.608695652
Somalia,Retail,Galkayo,Maize (white),-0.068181818,-0.088888889
Somalia,Retail,Hudur,Maize (white),-0.211538462,-0.023809524
Somalia,Retail,Kismayo,Maize (white),0.405405405,0.485714286
Somalia,Retail,Marka,Maize (white),0.380952381,0.074074074
Somalia,Retail,Mogadishu,Maize (white),0.125,0.161290323
Somalia,Retail,Qorioley,Maize (white),0.294117647,0.1
South Africa,Wholesale,Randfontein,Maize (white),-0.222222222,-0.263157895
South Sudan,Retail,Aweil,Maize (white),0.551724138,0.184210526
South Sudan,Retail,Bor,Maize (white),0.088888889,0.0
South Sudan,Retail,Gogrial,Maize (white),0.513513514,0.076923077
South Sudan,Retail,Juba,Maize (white),1.136363636,1.41025641
Togo,Retail,Lomé,Maize (white),0.0,-0.125
Togo,Retail,Korbongou,Maize (white),0.047619048,0.1
Togo,Retail,Kara,Maize (white),0.173913044,0.038461538
Togo,Retail,Cinkassé,Maize (white),0.222222222,0.047619048
Togo,Retail,Anie,Maize (white),0.105263158,-0.086956522
South Sudan,Retail,Rumbek,Maize (white),0.666666667,0.086956522
South Sudan,Retail,Torit,Maize (white),0.358974359,0.261904762
South Sudan,Retail,Wau,Maize (white),0.45,0.318181818
South Sudan,Retail,Yambio,Maize (white),1.111111111,0.461538462
Togo,Retail,Amegnran,Maize (white),0.045454545,-0.148148148
Zambia,Retail,National Average,Maize (white),-0.366666667,-0.095238095
Mexico,Wholesale,Guadalajara,Maize (white),-0.103448276,-0.103448276
Mexico,Wholesale,Culiacán,Maize (white),-0.129032258,0.0
Mexico,Wholesale,Puebla,Maize (white),-0.032258065,-0.032258065
Mexico,Wholesale,Mexico City,Maize (white),-0.205882353,-0.228571429
Philippines,Wholesale,Davao City,Maize (white flour),-0.125,-0.16
Philippines,Retail,Davao City,Maize (white flour),0.070175439,0.033898305
Philippines,Wholesale,Cebu,Maize (white flour),0.105263158,0.166666667
Philippines,Retail,Cebu,Maize (white flour),0.157894737,0.0
Mexico,Wholesale,Xalapa,Maize (white),-0.096774194,-0.034482759
Philippines,Retail,National Average,Maize (flour),0.163636364,0.084745763
Argentina,Wholesale,Rosario,Maize (yellow),-0.2,-0.142857143
Brazil,Wholesale,Mato Grosso,Maize (yellow),-0.066666667,0.076923077
Brazil,Wholesale,Distrito Federal,Maize (yellow),-0.133333333,0.083333333
Bolivia,Wholesale,Trinidad,Maize (yellow),0.0,0.0
Bolivia,Wholesale,Santa Cruz,Maize (yellow),-0.041666667,0.095238095
Bolivia,Wholesale,Oruro,Maize (yellow),0.1875,0.461538462
Bolivia,Wholesale,La Paz,Maize (yellow),0.171428571,0.28125
Bolivia,Wholesale,Cochabamba,Maize (yellow),0.137931035,0.222222222
Brazil,Wholesale,Paraná,Maize (yellow),-0.125,0.0
Brazil,Wholesale,Rio Grande do Sul,Maize (yellow),-0.117647059,0.0
Chile,Wholesale,National Average,Maize (yellow),-0.05,0.055555556
Ecuador,Wholesale,Quito,Maize (yellow),0.055555556,0.055555556
Ecuador,Wholesale,Portoviejo,Maize (yellow),-0.027777778,-0.027777778
Ecuador,Wholesale,Guayaquil,Maize (yellow),0.057142857,0.027777778
Ecuador,Wholesale,Cuenca,Maize (yellow),-0.028571429,-0.055555556
Colombia,Wholesale,MedellÃ­n,Maize (yellow),-0.146341463,-0.027777778
Colombia,Wholesale,Cartagena,Maize (yellow),0.142857143,0.290322581
Colombia,Wholesale,Bogotá,Maize (yellow),0.111111111,0.176470588
Philippines,Wholesale,National Average,Maize (yellow),-0.073170732,0.0
Guatemala,Wholesale,Guatemala City,Maize (yellow),0.25,0.125
Peru,Wholesale,Lima,Maize (yellow),0.058823529,-0.027027027
Philippines,Retail,National Average,Maize (yellow),-0.098039216,-0.021276596
Philippines,Retail,Davao City,Maize (yellow flour),0.0,-0.018518519
Philippines,Wholesale,Davao City,Maize (yellow flour),-0.177777778,-0.195652174
Cabo Verde,Retail,Santiago,Maize (yellow),-0.046511628,-0.023809524
Cabo Verde,Retail,Santo Antão,Maize (yellow),0.023255814,0.1
South Africa,Wholesale,Randfontein,Maize (yellow),-0.222222222,-0.222222222
Philippines,Wholesale,South Cotabato,Maize (yellow),0.130434783,-0.133333333
Philippines,Retail,Metro Manila,Maize (yellow flour),0.2,0.181818182
Philippines,Retail,National Average,Maize (yellow flour),0.0,0.0
Botswana,Retail,National Average,Maize meal,-0.064516129,-0.016949153
Eswatini,Retail,Hhohho,Maize meal,-0.107692308,-0.147058824
Namibia,Retail,Katima,Maize meal,-0.246753247,-0.15942029
Namibia,Retail,Gobabis,Maize meal,-0.246753247,-0.301204819
Eswatini,Retail,Shiselweni,Maize meal,-0.171428571,-0.216216216
Eswatini,Retail,National average,Maize meal,-0.177419355,-0.163934426
Eswatini,Retail,Lubombo,Maize meal,-0.148148148,-0.115384615
Eswatini,Retail,Manzini,Maize meal,-0.245614035,-0.173076923
Zimbabwe,Retail,Mash central,Maize meal,0.487179487,-0.301204819
Zimbabwe,Retail,Manicaland,Maize meal,0.523809524,-0.189873418
Zimbabwe,Retail,Harare,Maize meal,-0.3,-0.151515152
Namibia,Retail,Keetmanshoop,Maize meal,-0.169014085,-0.202702703
Namibia,Retail,Mariental,Maize meal,-0.166666667,-0.183673469
Namibia,Retail,Oshakati,Maize meal,-0.235294118,-0.287671233
Namibia,Retail,Otjiwarongo,Maize meal,-0.264367816,-0.255813954
Namibia,Retail,Swakopmund,Maize meal,-0.193181818,-0.211111111
Namibia,Retail,Windhoek,Maize meal,-0.195402299,-0.230769231
Zimbabwe,Retail,Bulawayo,Maize meal,0.025641026,0.290322581
Zimbabwe,Retail,Midlands,Maize meal,1.375,1.96875
Zimbabwe,Retail,Mat south,Maize meal,0.125,0.5
Zimbabwe,Retail,Mat north,Maize meal,1.225,1.342105263
Zimbabwe,Retail,Masvingo,Maize meal,-0.35,-0.235294118
Zimbabwe,Retail,Mash west,Maize meal,0.025641026,0.212121212
Haiti,Retail,Les Cayes,Maize meal (local),-0.252631579,0.14516129
Haiti,Retail,Jeremie,Maize meal (local),0.12244898,0.078431373
Zimbabwe,Retail,Mash east,Maize meal,0.56097561,1.0
South Africa,Retail,National Average,Maize meal,-0.106382979,-0.052631579
Haiti,Retail,Cap Haitien,Maize meal,0.034146341,0.316770186
Haiti,Retail,Hinche,Maize meal,-0.036458333,-0.056122449
Haiti,Retail,Jacmel,Maize meal,-0.063414634,0.103448276
Haiti,Retail,Ouanaminthe,Maize meal,0.022099448,0.275862069
Haiti,Retail,Port-au-Prince,Maize meal,-0.079207921,0.155279503
Kazakhstan,Retail,National Average,Milk,-0.018181818,0.0
Kazakhstan,Retail,Kostanay,Milk,-0.11627907,-0.095238095
India,Retail,Ahmedabad,Milk,-0.054794521,0.0
India,Retail,Bengaluru,Milk,0.0,-0.038461538
India,Retail,Bhopal,Milk,-0.059701493,-0.086956522
India,Retail,Chennai,Milk,-0.05,0.075471698
India,Retail,Mumbai,Milk,-0.016949153,-0.064516129
India,Retail,New Delhi,Milk,-0.016129032,0.0
India,Retail,Patna,Milk,-0.033898305,-0.05
Kazakhstan,Retail,Almaty,Milk,-0.03125,-0.046153846
Somalia,Retail,Mogadishu,Milk,0.036363636,0.0
Tunisia,Retail,National Average,Milk,0.0,0.054054054
Somalia,Retail,Galkayo,Milk (Camel),0.23364486,0.03125
South Africa,Retail,National Average,Milk,-0.08,-0.089108911
Argentina,Retail,Greater Buenos Aires,Milk,-0.035714286,-0.181818182
Georgia,Retail,National Average,Milk,-0.068181818,-0.127659575
Saudi Arabia,Retail,National Average,Milk,-0.008264463,-0.008264463
Japan,Retail,Tokyo,Milk,-0.005025126,0.03125
Egypt,Retail,National Average,Milk,0.022222222,0.095238095
Japan,Retail,Osaka,Milk,0.0,0.064516129
Mongolia,Retail,Selenge,Milk,0.567567568,-0.033333333
Azerbaijan,Retail,National Average,Milk,0.039215686,0.06
Mongolia,Retail,Bayan-Ulgii,Milk,0.0,-0.204301075
Mongolia,Retail,Dornod,Milk,0.181818182,-0.103448276
Russian Federation,Retail,National Average,Milk,-0.08988764,-0.058139535
Occupied Palestinian Territory,Retail,West Bank,Milk,-0.024630542,0.010204082
Occupied Palestinian Territory,Retail,Gaza Strip,Milk,-0.026315789,-0.031413613
Mongolia,Retail,Uvurkhangai,Milk,0.581081081,0.103773585
Israel,Retail,National Average,Milk,-0.01183432,0.04375
Mongolia,Retail,Ulaanbaatar,Milk,0.375,-0.014925373
Bolivia,Retail,Oruro,Milk,0.0,0.0
Bolivia,Retail,Santa Cruz,Milk,0.0,0.0
Bolivia,Retail,Sucre,Milk,0.0,0.0
Bolivia,Retail,Tarija,Milk,0.0,0.0
Bolivia,Retail,Trinidad,Milk,0.0,0.0
Angola,Retail,Luanda,Milk (powder),-0.051657244,-0.303678984
Chad,Retail,Abeche,Millet,0.142857143,0.333333333
Chad,Retail,Moundou,Millet,0.4,0.25
Ghana,Wholesale,Kumasi,Millet,0.547619048,0.477272727
Ghana,Wholesale,Bolgatanga,Millet,0.192307692,-0.114285714
Ghana,Wholesale,Accra,Millet,-0.055555556,-0.15
Chad,Retail,Sarh,Millet,0.1875,0.583333333
Chad,Retail,N'Djamena,Millet,0.297297297,0.411764706
Chad,Retail,Moussoro,Millet,0.393939394,0.210526316
Ghana,Wholesale,Tamale,Millet,0.060606061,0.0
Namibia,Retail,Swakopmund,Millet,-0.161904762,-0.161904762
Ghana,Wholesale,Techiman,Millet,0.066666667,-0.17948718
Namibia,Retail,Oshakati,Millet,0.049180328,-0.17948718
Namibia,Retail,Windhoek,Millet,-0.066666667,-0.08411215
Niger,Retail,Zinder,Millet,0.285714286,0.161290323
Niger,Retail,Tillaberi,Millet,0.222222222,0.047619048
Niger,Retail,Niamey,Millet,0.166666667,-0.045454545
Niger,Retail,Maradi,Millet,0.2,0.058823529
Niger,Retail,Agadez,Millet,0.083333333,-0.025
Niger,Retail,Dosso,Millet,0.176470588,0.111111111
Senegal,Retail,Kaolack,Millet,-0.027027027,0.161290323
Senegal,Retail,Fatick,Millet,0.069767442,0.15
Senegal,Retail,Diourbel,Millet,0.0,0.083333333
Nigeria,Wholesale,Giwa,Millet,0.133333333,0.0
Nigeria,Wholesale,Ibadan,Millet,0.081081081,-0.047619048
Nigeria,Wholesale,Kano,Millet,0.166666667,0.166666667
Nigeria,Wholesale,Kaura Namoda,Millet,0.222222222,-0.029411765
Nigeria,Wholesale,Lagos,Millet,0.075,0.228571429
Nigeria,Wholesale,Maiduguri,Millet,0.275862069,0.121212121
Senegal,Retail,Dakar,Millet,-0.130434783,-0.024390244
Sudan,Wholesale,El Gedarif,Millet,0.603174603,1.14893617
Sudan,Wholesale,Al-Fashir,Millet,0.65625,1.409090909
Senegal,Retail,Kolda,Millet,0.025,0.108108108
Senegal,Retail,Louga,Millet,0.0,0.162162162
Senegal,Retail,Matam,Millet,0.0,0.069767442
Senegal,Retail,SaintLouis,Millet,0.065217391,0.166666667
Senegal,Retail,Tambacounda,Millet,0.090909091,0.028571429
Senegal,Retail,Thies,Millet,0.052631579,0.111111111
Senegal,Retail,Zguinchor,Millet,-0.086956522,-0.023255814
Sudan,Wholesale,Al-Damazin,Millet,0.537037037,1.184210526
Yemen,Retail,Hodeidah,Millet,-0.313333333,-0.35625
Yemen,Retail,Hajjah,Millet,-0.083870968,-0.149700599
Yemen,Retail,Hadramout,Millet,0.02166065,0.63583815
Sudan,Wholesale,El Obeid,Millet,0.636363636,1.571428571
Sudan,Wholesale,Kadugli,Millet,0.152941177,0.324324324
Sudan,Wholesale,Khartoum,Millet,0.683544304,1.714285714
Sudan,Wholesale,Nyala,Millet,1.072727273,1.326530612
Sudan,Wholesale,Port Sudan,Millet,0.852941177,1.06557377
Yemen,Retail,Dhamar,Millet,0.284916201,-0.025423729
Burkina Faso,Wholesale,Bobo Dioulasso,Millet,0.321428571,-0.026315789
Burkina Faso,Wholesale,Dori,Millet,0.064516129,-0.029411765
Burkina Faso,Wholesale,Dédougou,Millet,0.125,0.038461538
Burkina Faso,Wholesale,Fada N'gourma,Millet,0.034482759,-0.032258065
Burkina Faso,Wholesale,Kongoussi,Millet,-0.068965517,-0.1
Burkina Faso,Wholesale,Nouna,Millet,0.227272727,0.038461538
Burkina Faso,Wholesale,Ouagadougou,Millet,0.192307692,0.068965517
Burkina Faso,Wholesale,Tenkodogo,Millet,0.166666667,0.037037037
Mali,Wholesale,Bamako,Millet,0.173913044,0.038461538
Mali,Wholesale,Gao,Millet,0.37037037,0.275862069
Mali,Wholesale,Kayes,Millet,-0.0625,-0.032258065
Mali,Wholesale,Mopti,Millet,0.0,-0.068965517
Mali,Wholesale,Sikasso,Millet,0.08,-0.068965517
Mali,Wholesale,Ségou,Millet,0.0,-0.166666667
Mali,Wholesale,Timbuktu,Millet,0.057142857,-0.026315789
Niger,Wholesale,Agadez,Millet,0.057142857,0.027777778
Niger,Wholesale,Dosso,Millet,0.275862069,-0.026315789
Niger,Wholesale,Maradi,Millet,0.275862069,0.275862069
Niger,Wholesale,Niamey,Millet,0.151515152,0.055555556
Niger,Wholesale,Tillaberi,Millet,0.088235294,-0.026315789
Kyrgyzstan,Retail,Batken,Mutton meat,-0.085828343,-0.085828343
Niger,Wholesale,Zinder,Millet,0.275862069,0.121212121
Azerbaijan,Retail,National Average,Mutton meat,0.048048048,0.051204819
Mongolia,Retail,Dornod,Mutton meat,0.058461538,-0.049723757
Mongolia,Retail,Bayan-Ulgii,Mutton meat,0.095833333,-0.198170732
Kyrgyzstan,Retail,Osh,Mutton meat,-0.051689861,0.01059322
Kyrgyzstan,Retail,National Average,Mutton meat,0.050458716,0.033860045
Kyrgyzstan,Retail,Naryn,Mutton meat,0.046666667,0.021691974
Kyrgyzstan,Retail,Jalal-Abad,Mutton meat,-0.05988024,-0.020790021
Kyrgyzstan,Retail,Bishkek,Mutton meat,0.111650485,0.055299539
Yemen,Retail,Hadramout,Mutton meat,0.024617997,0.073843416
Occupied Palestinian Territory,Retail,West Bank,Olive Oil,-0.077008929,-0.145661157
Occupied Palestinian Territory,Retail,Gaza Strip,Olive Oil,-0.042696629,-0.059602649
Yemen,Retail,Hodeidah,Mutton meat,0.010317788,0.256673511
Yemen,Retail,Hajjah,Mutton meat,0.169007264,0.494736842
Mongolia,Retail,Selenge,Mutton meat,0.303278689,-0.114206128
Mongolia,Retail,Ulaanbaatar,Mutton meat,0.284210526,-0.010810811
Mongolia,Retail,Uvurkhangai,Mutton meat,0.345833333,-0.032934132
Yemen,Retail,Dhamar,Mutton meat,0.035327367,0.222469411
Guinea,Retail,Conakry,Palm Oil,0.0,0.023255814
Yemen,Retail,Hodeidah,Onions,-0.305,0.323809524
Yemen,Retail,Hajjah,Onions,-0.325301205,0.05
Yemen,Retail,Hadramout,Onions,-0.14973262,0.766666667
Yemen,Retail,Dhamar,Onions,-0.399014778,0.0
India,Retail,Chennai,Onions,-0.591549296,0.208333333
India,Retail,Mumbai,Onions,-0.549019608,0.84
India,Retail,New Delhi,Onions,-0.635416667,0.166666667
India,Retail,Patna,Onions,-0.722222222,0.041666667
Sierra Leone,Retail,Bo,Palm Oil,0.404040404,0.544444444
Sierra Leone,Retail,Freetown,Palm Oil,0.366972477,0.366972477
Sierra Leone,Retail,Kailahun,Palm Oil,0.404040404,0.61627907
Sierra Leone,Retail,Kenema,Palm Oil,0.313131313,0.262135922
Sierra Leone,Retail,Koinadugu,Palm Oil,0.288461539,0.410526316
Tunisia,Retail,National Average,Pasta,0.0,0.0
Democratic Republic of the Congo,Retail,Bukavu,Plantains,0.0,-0.072727273
Democratic Republic of the Congo,Retail,Lubumbashi,Plantains,0.003984064,0.0
Chile,Retail,Santiago,Pork meat,-0.073800738,-0.080586081
Georgia,Retail,National Average,Pork meat,-0.06916996,-0.028865979
Philippines,Retail,Davao City,Pork meat with bones,-0.031700288,-0.011764706
Russian Federation,Retail,National Average,Pork meat,-0.104761905,-0.113207547
Philippines,Retail,Cebu,Pork meat with bones,-0.086956522,-0.108490566
Philippines,Retail,Iloilo,Pork meat with bones,-0.057279236,-0.085648148
Philippines,Retail,Metro Manila,Pork meat with bones,-0.027918782,0.002617801
Philippines,Retail,National Average,Pork meat with bones,-0.010638298,-0.010638298
Philippines,Retail,Nueva Ecija,Pork meat with bones,0.015384615,-0.08839779
Philippines,Retail,South Cotabato,Pork meat with bones,-0.002666667,0.024657534
Argentina,Retail,Greater Buenos Aires,Potatoes,0.085106383,0.085106383
Armenia,Retail,National Average,Potatoes,0.545454546,-0.15
Belarus,Retail,Minsk,Potatoes,0.157894737,0.0
Azerbaijan,Retail,National Average,Potatoes,0.078431373,0.057692308
Belarus,Retail,National Average,Potatoes,0.121212121,-0.159090909
Bolivia,Retail,Santa Cruz,Potatoes,-0.382352941,0.06779661
Bolivia,Retail,Potosi,Potatoes,-0.373493976,0.155555556
Bolivia,Retail,Oruro,Potatoes,-0.358024691,0.04
Bolivia,Wholesale,Oruro,Potatoes,-0.5,-0.155555556
Bolivia,Wholesale,La Paz,Potatoes,-0.4,-0.045454545
Bolivia,Retail,La Paz,Potatoes,-0.464646465,-0.053571429
Bolivia,Wholesale,Cochabamba,Potatoes,-0.46835443,0.0
Bolivia,Wholesale,Santa Cruz,Potatoes,-0.486842105,0.0
Bolivia,Retail,Sucre,Potatoes,-0.449438202,0.042553191
Bolivia,Retail,Tarija,Potatoes,-0.229166667,-0.139534884
Bolivia,Wholesale,Trinidad,Potatoes,-0.308641975,0.098039216
Bolivia,Retail,Trinidad,Potatoes,-0.262711864,0.048192771
Cameroon,Retail,Bafoussam,Potatoes,0.230769231,0.163636364
Egypt,Retail,National Average,Potatoes,-0.096774194,0.166666667
Cameroon,Retail,Yaoundé,Potatoes,-0.072727273,-0.203125
Cameroon,Retail,Douala,Potatoes,0.048387097,0.048387097
Cameroon,Retail,Bamenda,Potatoes,0.125,0.184210526
India,Retail,Mumbai,Potatoes,0.175,0.342857143
Georgia,Retail,National Average,Potatoes,0.575,-0.073529412
India,Retail,Chennai,Potatoes,0.052631579,0.333333333
India,Retail,New Delhi,Potatoes,0.142857143,0.379310345
India,Retail,Patna,Potatoes,0.0,0.038461538
Iraq,Retail,National Average,Potatoes,0.043478261,0.043478261
Kazakhstan,Retail,Almaty,Potatoes,0.592592593,0.303030303
Kazakhstan,Retail,Aktau,Potatoes,0.454545455,0.230769231
Japan,Retail,Tokyo,Potatoes,0.074576271,0.049668874
Japan,Retail,Osaka,Potatoes,0.178217822,0.16286645
Kyrgyzstan,Retail,Osh,Potatoes,0.34375,0.228571429
Kyrgyzstan,Retail,National Average,Potatoes,0.814814815,0.289473684
Kyrgyzstan,Retail,Naryn,Potatoes,0.857142857,0.695652174
Kyrgyzstan,Retail,Jalal-Abad,Potatoes,0.176470588,0.081081081
Kyrgyzstan,Retail,Bishkek,Potatoes,1.076923077,0.317073171
Kazakhstan,Retail,Kostanay,Potatoes,0.380952381,0.16
Kazakhstan,Retail,National Average,Potatoes,0.44,0.24137931
Kazakhstan,Wholesale,National Average,Potatoes,0.272727273,0.272727273
Kazakhstan,Retail,Nur-Sultan,Potatoes,0.888888889,0.275
Kyrgyzstan,Retail,Batken,Potatoes,0.088235294,0.027777778
Tajikistan,Retail,Khorugh,Potatoes,0.685714286,0.311111111
Tajikistan,Retail,Khatlon,Potatoes,1.428571429,1.615384615
Tajikistan,Retail,Dushanbe,Potatoes,1.166666667,1.5
South Africa,Retail,National Average,Potatoes,0.058139535,0.034090909
Mongolia,Retail,Bayan-Ulgii,Potatoes,0.0,-0.279069767
Mongolia,Retail,Dornod,Potatoes,0.076923077,0.024390244
Mongolia,Retail,Selenge,Potatoes,0.117647059,0.085714286
Mongolia,Retail,Ulaanbaatar,Potatoes,0.206896552,-0.102564103
Mongolia,Retail,Uvurkhangai,Potatoes,0.0,-0.173913044
Russian Federation,Retail,National Average,Potatoes,0.5625,-0.107142857
Chile,Retail,Santiago,Potatoes,-0.071895425,-0.144578313
Yemen,Retail,Hodeidah,Potatoes,-0.089041096,-0.26519337
Yemen,Retail,Hajjah,Potatoes,-0.062893082,-0.255
Yemen,Retail,Hadramout,Potatoes,0.273809524,0.12631579
Yemen,Retail,Dhamar,Potatoes,-0.221518987,-0.297142857
Tajikistan,Retail,Khujand,Potatoes,0.148148148,0.347826087
Tajikistan,Retail,Kurgonteppa,Potatoes,0.25,0.52173913
Tajikistan,Retail,National Average,Potatoes,1.03030303,1.576923077
Tajikistan,Retail,Sughd,Potatoes,1.481481481,2.19047619
Tunisia,Retail,National Average,Potatoes,-0.132075472,-0.115384615
Sierra Leone,Retail,Kailahun,Potatoes,0.307692308,0.378378378
Sierra Leone,Retail,Freetown,Potatoes,0.227272727,0.14893617
Sierra Leone,Retail,Kenema,Potatoes,0.5,0.35
Ecuador,Wholesale,Ambato,Potatoes,-0.37254902,-0.407407407
Ecuador,Wholesale,Cuenca,Potatoes,-0.266666667,-0.323076923
Ecuador,Wholesale,Guayaquil,Potatoes,-0.37254902,-0.438596491
Ecuador,Wholesale,Quito,Potatoes,-0.413043478,-0.448979592
Sierra Leone,Retail,Bo,Potatoes,0.285714286,0.173913044
Peru,Wholesale,Lima,Potatoes,-0.666666667,-0.516129032
Sierra Leone,Retail,Koinadugu,Potatoes,0.214285714,0.243902439
Bolivia,Wholesale,Cochabamba,Quinoa,0.0,-0.164794008
Peru,Retail,Lima,Potatoes (white),-0.15,-0.089285714
Cambodia,Wholesale,Kampot,Prawn,-0.032655576,-0.088798607
Cameroon,Retail,Bamenda,Rice,0.0,-0.019417476
Cameroon,Retail,Bafoussam,Rice,0.037974684,0.051282051
Brazil,Retail,São Paulo,Rice,-0.225,-0.225
Japan,Retail,Tokyo,Radish,0.09202454,0.210884354
Japan,Retail,Osaka,Radish,0.158536585,0.137724551
Botswana,Retail,National Average,Rice,-0.087378641,-0.104761905
Bolivia,Wholesale,La Paz,Quinoa,-0.008032129,0.0
Cameroon,Retail,Douala,Rice,0.012345679,0.108108108
Cameroon,Retail,Garoua,Rice,0.0,-0.023255814
Cameroon,Retail,Yaoundé,Rice,0.064935065,0.078947368
El Salvador,Retail,San Salvador,Rice,0.112244898,0.112244898
Eswatini,Retail,Shiselweni,Rice,-0.178571429,-0.197674419
Eswatini,Retail,National average,Rice,-0.176470588,-0.230769231
Eswatini,Retail,Manzini,Rice,-0.193181818,-0.144578313
Eswatini,Retail,Lubombo,Rice,-0.188235294,-0.355140187
El Salvador,Wholesale,San Salvador,Rice,0.227848101,0.227848101
Eswatini,Retail,Hhohho,Rice,-0.154761905,-0.174418605
Iraq,Retail,National Average,Rice,0.0,-0.044025157
India,Retail,Chennai,Rice,-0.014084507,0.489361702
India,Wholesale,Chennai,Rice,-0.029850746,0.625
India,Retail,Mumbai,Rice,-0.046511628,-0.023809524
India,Wholesale,Mumbai,Rice,-0.057142857,-0.108108108
India,Retail,New Delhi,Rice,-0.041666667,-0.06122449
India,Wholesale,New Delhi,Rice,0.0,-0.026315789
India,Wholesale,Patna,Rice,-0.177777778,-0.195652174
India,Retail,Patna,Rice,-0.166666667,-0.183673469
Indonesia,Retail,National Average,Rice,-0.04040404,-0.020618557
Israel,Retail,National Average,Rice,-0.003389831,0.035211268
Malawi,Retail,Lilongwe,Rice,-0.15625,-0.1
Malawi,Retail,Mzuzu,Rice,0.049504951,0.0
Mongolia,Retail,Ulaanbaatar,Rice,-0.057971014,-0.015151515
Mozambique,Retail,Maxixe,Rice,-0.067567568,0.014705882
Mozambique,Retail,Maputo,Rice,0.404255319,0.178571429
Mozambique,Retail,Manica,Rice,0.446808511,0.0
Mozambique,Retail,Gorongosa,Rice,-0.088607595,-0.111111111
Mozambique,Retail,Chokwe,Rice,-0.088607595,-0.111111111
Mozambique,Retail,Angonia,Rice,0.17721519,0.148148148
Mozambique,Retail,Montepuez,Rice,0.031746032,0.015625
Mozambique,Retail,Nampula,Rice,0.857142857,0.56
Mozambique,Retail,Ribaue,Rice,0.025316456,0.025316456
Namibia,Retail,Gobabis,Rice,-0.139072848,-0.109589041
Namibia,Retail,Swakopmund,Rice,-0.21686747,-0.127516779
Namibia,Retail,Otjiwarongo,Rice,-0.264150943,-0.048780488
Namibia,Retail,Oshakati,Rice,-0.162561576,-0.154228856
Namibia,Retail,Mariental,Rice,-0.102040816,-0.102040816
Namibia,Retail,Keetmanshoop,Rice,0.114285714,0.026315789
Namibia,Retail,Katima,Rice,-0.076335878,-0.103703704
Rwanda,Wholesale,Kigali,Rice,-0.065217391,-0.033707865
Namibia,Retail,Windhoek,Rice,-0.044117647,-0.051094891
Paraguay,Wholesale,Asunción,Rice,-0.074074074,-0.107142857
Russian Federation,Retail,National Average,Rice,0.036036036,0.08490566
Rwanda,Wholesale,Ruhengeri,Rice,-0.034090909,-0.234234234
United Republic of Tanzania,Wholesale,Dar es Salaam,Rice,0.104166667,0.0
Uganda,Wholesale,Kampala,Rice,-0.138297872,-0.15625
Tunisia,Retail,National Average,Rice,-0.019607843,0.041666667
South Africa,Retail,National Average,Rice,-0.185185185,-0.202898551
Samoa,Retail,National Average,Rice,-0.081818182,-0.12173913
Zimbabwe,Retail,Manicaland,Rice,0.553030303,0.952380952
Uruguay,Wholesale,National Average,Rice,0.0,-0.05
Zimbabwe,Retail,Bulawayo,Rice,0.787234043,1.423076923
Zimbabwe,Retail,Harare,Rice,0.335664336,0.854368932
Zimbabwe,Retail,Mash central,Rice,0.428571429,0.538461539
Zimbabwe,Retail,Mash east,Rice,0.580645161,0.96
Zimbabwe,Retail,Mat south,Rice,0.5,1.15625
Zimbabwe,Retail,Mat north,Rice,0.523809524,1.174757282
Zimbabwe,Retail,Masvingo,Rice,0.451612903,0.855670103
Zimbabwe,Retail,Mash west,Rice,-0.052631579,0.125
Zimbabwe,Retail,Midlands,Rice,0.378378378,1.060606061
Thailand,Wholesale,Bangkok,Rice,0.222222222,0.23943662
Myanmar,Retail,Yangon,Rice,0.162162162,0.162162162
Bolivia,Retail,Santa Cruz,Rice,0.010204082,0.015384615
China,Wholesale,National Average,Rice,-0.026086957,-0.104
Bangladesh,Retail,Dhaka,Rice,0.204545455,0.152173913
Bangladesh,Wholesale,Dhaka,Rice,0.236842105,0.236842105
Cambodia,Wholesale,Phnom Penh,Rice,-0.113636364,-0.113636364
Cambodia,Wholesale,Kampong Chhnang,Rice,-0.02173913,0.0
Cambodia,Wholesale,Battambang,Rice,-0.027027027,-0.181818182
Cambodia,Wholesale,Banteay Meanchey,Rice,-0.068181818,-0.023809524
Japan,Retail,Osaka,Rice,-0.008830022,0.041763341
Japan,Retail,Tokyo,Rice,-0.021929825,0.01826484
Lao People's Democratic Republic,Retail,National Average,Rice,-0.026315789,0.027777778
Pakistan,Retail,Multan,Rice,-0.035087719,-0.035087719
Pakistan,Retail,Karachi,Rice,0.0,0.036363636
Pakistan,Retail,Lahore,Rice,-0.0625,-0.0625
Mexico,Wholesale,Mexico City,Rice,-0.077922078,0.079847909
Mexico,Wholesale,Guadalajara,Rice,0.641791045,0.617647059
Pakistan,Retail,Quetta,Rice,0.0,0.029850746
Nepal,Retail,Kathmandu,Rice,0.0,-0.145833333
Bolivia,Wholesale,Trinidad,Rice,0.0,-0.2
Chile,Retail,Santiago,Rice,0.0,-0.092592593
Bolivia,Wholesale,Santa Cruz,Rice,-0.043478261,0.035294118
Chile,Retail,Santiago,Rice,0.0,-0.092592593
Colombia,Retail,National Average,Rice,0.197674419,0.211764706
Costa Rica,Retail,National Average,Rice,0.032,0.048780488
Dominican Republic,Wholesale,Santo Domingo,Rice,-0.084337349,-0.126436782
Dominican Republic,Retail,Santo Domingo,Rice,-0.09375,-0.112244898
Panama,Wholesale,Panama City,Rice,0.011627907,0.0
Guatemala,Wholesale,Guatemala City,Rice,0.106382979,0.106382979
Nicaragua,Wholesale,Managua (oriental),Rice,0.045454545,0.022222222
Benin,Retail,Cotonou,Rice,0.024096386,-0.022988506
Benin,Retail,Natitingou,Rice (imported),0.011764706,-0.033707865
Benin,Retail,Parakou,Rice (imported),0.0,-0.113402062
Burkina Faso,Wholesale,Bobo Dioulasso,Rice (imported),0.029850746,0.0
Burkina Faso,Wholesale,Dori,Rice (imported),0.050847458,0.033333333
Burkina Faso,Wholesale,Dédougou,Rice (imported),0.016393443,-0.101449275
Burkina Faso,Wholesale,Fada N'gourma,Rice (imported),0.015625,0.0
Burkina Faso,Wholesale,Kongoussi,Rice (imported),0.016393443,-0.074626866
Burkina Faso,Wholesale,Nouna,Rice (imported),0.016393443,-0.101449275
Burkina Faso,Wholesale,Ouagadougou,Rice (imported),0.016949153,0.0
Burkina Faso,Wholesale,Tenkodogo,Rice (imported),0.043478261,0.0
Liberia,Retail,Saclepea,Rice,0.016949153,-0.032258065
Liberia,Retail,Monrovia,Rice,0.053571429,0.0
Liberia,Retail,Buchanan,Rice,-0.05,0.0
Mauritania,Retail,Nouakchott,Rice,-0.076190476,-0.093457944
Mali,Wholesale,Gao,Rice,0.122807018,0.066666667
Mali,Wholesale,Kayes,Rice,0.035714286,0.115384615
Mali,Wholesale,Mopti,Rice,0.018181818,0.0
Mali,Wholesale,Sikasso,Rice,0.0,-0.033898305
Niger,Wholesale,Maradi,Rice,0.119402985,0.119402985
Niger,Retail,Dosso,Rice,-0.011904762,-0.023529412
Niger,Wholesale,Dosso,Rice,0.067567568,0.215384615
Niger,Wholesale,Agadez,Rice,0.013513514,-0.025974026
Niger,Retail,Agadez,Rice,0.190476191,0.176470588
Chad,Retail,N'Djamena,Rice,-0.014925373,-0.083333333
Cote d'Ivoire,Retail,Abidjan,Rice,0.0,0.04
Democratic Republic of the Congo,Retail,Goma,Rice,0.066115702,0.112068966
Ghana,Wholesale,Accra,Rice,-0.188235294,-0.215909091
Haiti,Retail,Cap Haitien,Rice,-0.131313131,0.146666667
Guinea,Retail,Conakry,Rice,-0.04040404,-0.103773585
Ghana,Wholesale,Techiman,Rice,-0.214285714,-0.228070175
Ghana,Wholesale,Tamale,Rice,-0.111111111,0.0
Ghana,Wholesale,Kumasi,Rice,-0.108433735,-0.129411765
Ghana,Wholesale,Bolgatanga,Rice,-0.189655172,-0.203389831
Mali,Wholesale,Gao,Rice,0.061538462,0.045454545
Mali,Wholesale,Bamako,Rice,0.016949153,0.0
Haiti,Retail,Jacmel,Rice,0.0,0.4171123
Haiti,Retail,Hinche,Rice,-0.117857143,0.193236715
Haiti,Retail,Jeremie,Rice,0.081818182,0.226804124
Haiti,Retail,Les Cayes,Rice,-0.051886792,-0.028985507
Haiti,Retail,Port-au-Prince,Rice,-0.038277512,0.168604651
Mali,Wholesale,Mopti,Rice ,-0.036363636,-0.116666667
Mali,Wholesale,Kayes,Rice,0.029850746,0.0
Sierra Leone,Retail,Koinadugu,Rice,0.139240506,0.216216216
Sierra Leone,Retail,Kenema,Rice,0.051282051,0.108108108
Sierra Leone,Retail,Kailahun,Rice,0.307692308,0.416666667
Sierra Leone,Retail,Freetown,Rice,0.337349398,0.441558442
Mali,Wholesale,Sikasso,Rice,0.017857143,-0.033898305
Mali,Wholesale,Ségou,Rice,-0.033898305,0.0
Mali,Wholesale,Timbuktu,Rice,-0.035087719,-0.06779661
Sierra Leone,Retail,Bo,Rice,1.30769231,1.30769231
Niger,Retail,Maradi,Rice,0.065789474,0.094594595
Niger,Wholesale,Niamey,Rice,0.119402985,0.041666667
Nigeria,Wholesale,Maiduguri,Rice,-0.144736842,0.25
Nigeria,Wholesale,Lagos,Rice,-0.031055901,0.56
Nigeria,Wholesale,Kaura Namoda,Rice,0.047169811,0.193548387
Nigeria,Wholesale,Ibadan,Rice,-0.082089552,0.28125
Niger,Wholesale,Zinder,Rice,0.013513514,-0.013157895
Niger,Retail,Tillaberi,Rice,0.023809524,0.011764706
Niger,Wholesale,Tillaberi,Rice,0.029850746,-0.041666667
Niger,Retail,Niamey,Rice,0.092105263,0.077922078
Niger,Retail,Zinder,Rice,-0.013157895,-0.025974026
Nigeria,Wholesale,Giwa,Rice,0.007936508,0.309278351
Senegal,Retail,Dakar,Rice,-0.016949153,-0.033333333
Senegal,Retail,Diourbel,Rice,0.0,0.02739726
Senegal,Retail,Kaolack,Rice,-0.024691358,0.012820513
Senegal,Retail,Kolda,Rice,0.039473684,0.067567568
Senegal,Retail,Louga,Rice,0.0,-0.028985507
Senegal,Retail,Matam,Rice,0.134328358,-0.025641026
Senegal,Retail,SaintLouis,Rice,0.0,-0.028985507
Senegal,Retail,Tambacounda,Rice,0.0,0.076923077
Senegal,Retail,Thies,Rice,0.194029851,0.15942029
Senegal,Retail,Zguinchor,Rice,0.134328358,0.0
Somalia,Retail,Belet Weyne,Rice,0.26,0.285714286
Somalia,Retail,Baidoa,Rice,0.117647059,0.096153846
Somalia,Retail,Borama,Rice,0.117647059,0.266666667
Somalia,Retail,Bossaso,Rice,0.061538462,-0.028169014
Somalia,Retail,Buale,Rice,-0.033333333,-0.064516129
Somalia,Retail,Galkayo,Rice,0.0,-0.026315789
Somalia,Retail,Hargeisa,Rice,0.105263158,0.105263158
Somalia,Retail,Hudur,Rice,-0.181818182,-0.073529412
Somalia,Retail,Kismayo,Rice,0.127659575,0.177777778
Somalia,Retail,Lasanod,Rice,0.149253731,0.166666667
Somalia,Retail,Mogadishu,Rice,0.0,-0.090909091
Somalia,Retail,Marka,Rice,0.04,-0.054545455
Togo,Retail,Amegnran,Rice,-0.099009901,-0.107843137
Togo,Retail,Anie,Rice,0.013333333,0.0
Togo,Retail,Lomé,Rice,0.119402985,0.102941177
Togo,Retail,Korbongou,Rice,0.092105263,0.077922078
Togo,Retail,Kara,Rice,0.0,-0.012987013
Togo,Retail,Cinkassé,Rice,-0.037974684,-0.05
Cabo Verde,Retail,São Vicente,Rice,0.012820513,0.0
Cabo Verde,Retail,Santo Antão,Rice,-0.022988506,-0.034090909
Cabo Verde,Retail,Santiago,Rice,0.0,-0.010869565
Ecuador,Wholesale,Cuenca,Rice,0.018867925,0.028571429
Ecuador,Wholesale,Guayaquil,Rice,0.121621622,0.106666667
Ecuador,Wholesale,Quito,Rice,0.0,0.0
Occupied Palestinian Territory,Retail,Gaza Strip,Rice,0.0,0.031818182
Angola,Retail,Luanda,Rice,-0.055555556,-0.260869565
Peru,Wholesale,Lima,Rice,0.06557377,0.25
Peru,Retail,Lima,Rice,0.012658228,0.0
Occupied Palestinian Territory,Retail,West Bank,Rice,-0.004504505,0.0
Egypt,Retail,National Average,Rice,0.018691589,0.068627451
Italy,Wholesale,National Average,Rice,0.219512195,0.020408163
Philippines,Retail,National Average,Rice,0.041666667,0.013513514
Philippines,Wholesale,National Average,Rice,0.075757576,0.028985507
Honduras,Wholesale,Tegucigalpa,Rice,0.0,-0.013888889
Honduras,Wholesale,San Pedro Sula,Rice,0.058823529,0.074626866
Argentina,Retail,Greater Buenos Aires,Rice,0.130434783,0.050505051
Sri Lanka,Retail,Colombo,Rice,0.0,0.14893617
Botswana,Retail,National Average,Samp,-0.076923077,-0.064935065
Yemen,Retail,Hajjah,Sorghum,-0.026315789,-0.207142857
Yemen,Retail,Hadramout,Sorghum,0.183574879,0.225
Yemen,Retail,Dhamar,Sorghum,-0.083969466,-0.183673469
Occupied Palestinian Territory,Retail,Gaza Strip,Semolina,-0.050724638,0.0
Occupied Palestinian Territory,Retail,West Bank,Semolina,-0.033057851,0.0
Tunisia,Retail,National Average,Semolina,0.0,0.066666667
Benin,Retail,Cotonou,Sorghum,0.092592593,-0.169014085
Benin,Retail,Natitingou,Sorghum,-0.073170732,-0.025641026
Benin,Retail,Parakou,Sorghum,-0.063829787,-0.137254902
Chad,Retail,Sarh,Sorghum,0.090909091,0.142857143
Chad,Retail,N'Djamena,Sorghum,-0.108108108,0.375
Chad,Retail,Moundou,Sorghum,-0.243243243,0.076923077
Chad,Retail,Abeche,Sorghum,0.086956522,0.190476191
Haiti,Retail,Jacmel,Sorghum,-0.121546961,-0.14973262
Haiti,Retail,Hinche,Sorghum,-0.320441989,0.0
Haiti,Retail,Les Cayes,Sorghum,-0.226415094,0.016528926
Haiti,Retail,Jeremie,Sorghum,-0.122222222,-0.05952381
Ghana,Wholesale,Accra,Sorghum,-0.088888889,-0.108695652
Ghana,Wholesale,Bolgatanga,Sorghum,0.142857143,-0.04
Ghana,Wholesale,Kumasi,Sorghum,0.55,0.512195122
Ghana,Wholesale,Tamale,Sorghum,0.03125,0.0
Ghana,Wholesale,Techiman,Sorghum,-0.137931035,-0.242424242
Haiti,Retail,Cap Haitien,Sorghum,-0.171875,-0.14973262
Haiti,Retail,Port-au-Prince,Sorghum,-0.124223603,0.068181818
Namibia,Retail,Windhoek,Sorghum,-0.008474576,-0.103448276
Namibia,Retail,Katima,Sorghum,0.08,0.062295082
Namibia,Retail,Oshakati,Sorghum,-0.009090909,-0.15503876
Namibia,Retail,Swakopmund,Sorghum,-0.207207207,-0.221238938
Niger,Retail,Agadez,Sorghum,0.0,0.0
Niger,Retail,Dosso,Sorghum,0.108108108,0.0
Niger,Retail,Maradi,Sorghum,0.214285714,0.172413793
Niger,Retail,Niamey,Sorghum,0.176470588,-0.024390244
Niger,Retail,Tillaberi,Sorghum,0.055555556,-0.025641026
South Sudan,Retail,Aweil,Sorghum,1.36,0.475
Niger,Retail,Zinder,Sorghum,0.25,0.153846154
Senegal,Retail,Dakar,Sorghum,-0.108108108,-0.029411765
Senegal,Retail,Matam,Sorghum,0.378378378,-0.019230769
Togo,Retail,Anie,Sorghum,0.027027027,0.1875
Togo,Retail,Cinkassé,Sorghum,0.222222222,0.047619048
Togo,Retail,Kara,Sorghum,0.366666667,0.28125
Togo,Retail,Korbongou,Sorghum,-0.12,-0.083333333
Togo,Retail,Lomé,Sorghum,0.264705882,-0.022727273
Yemen,Retail,Hodeidah,Sorghum,0.00990099,-0.366459627
Sudan,Wholesale,El Gedarif,Sorghum,1.230769231,1.416666667
Sudan,Wholesale,Dongola,Sorghum,1.265306122,2.264705882
Sudan,Wholesale,Al-Fashir,Sorghum,0.911111111,1.529411765
South Sudan,Retail,Gogrial,Sorghum,0.961538462,-0.072727273
South Sudan,Retail,Bor,Sorghum,0.211538462,0.0
South Sudan,Retail,Juba,Sorghum,0.533333333,0.916666667
South Sudan,Retail,Rumbek,Sorghum,0.234042553,-0.134328358
South Sudan,Retail,Torit,Sorghum,0.25,-0.2
South Sudan,Retail,Wau,Sorghum,0.522727273,0.425531915
Sudan,Wholesale,Al-Damazin,Sorghum,0.533333333,1.15625
Burkina Faso,Wholesale,Fada N'gourma,Sorghum,0.15,0.045454545
Burkina Faso,Wholesale,Dori,Sorghum,0.173913044,-0.068965517
Burkina Faso,Wholesale,Bobo Dioulasso,Sorghum,0.1,-0.153846154
Burkina Faso,Wholesale,Dédougou,Sorghum,0.3125,0.166666667
El Salvador,Wholesale,San Salvador,Sorghum,-0.119047619,0.027777778
Sudan,Wholesale,El Obeid,Sorghum,1.139534884,1.628571429
Sudan,Wholesale,Kadugli,Sorghum,0.702702703,1.625
Sudan,Wholesale,Khartoum,Sorghum,1.046511628,1.588235294
Sudan,Wholesale,Port Sudan,Sorghum,1.186046512,1.41025641
El Salvador,Retail,San Salvador,Sorghum,0.0,0.0
Burkina Faso,Wholesale,Nouna,Sorghum,0.4,0.05
Burkina Faso,Wholesale,Ouagadougou,Sorghum,0.210526316,0.0
Burkina Faso,Wholesale,Tenkodogo,Sorghum,0.0,-0.045454545
Burkina Faso,Wholesale,Kongoussi,Sorghum,0.0,-0.071428571
Mali,Wholesale,Bamako,Sorghum,0.333333333,-0.04
Mali,Wholesale,Gao,Sorghum,0.0,0.0
Mali,Wholesale,Kayes,Sorghum,0.08,-0.035714286
Mali,Wholesale,Mopti,Sorghum,0.0,-0.142857143
Mali,Wholesale,Sikasso,Sorghum,0.235294118,0.0
Mali,Wholesale,Ségou,Sorghum,0.05,-0.125
Somalia,Retail,Belet Weyne,Sorghum,-0.265306122,0.028571429
Somalia,Retail,Baidoa,Sorghum,-0.304347826,-0.111111111
Mali,Wholesale,Timbuktu,Sorghum,0.023809524,0.131578947
Niger,Wholesale,Agadez,Sorghum,0.028571429,0.028571429
Niger,Wholesale,Dosso,Sorghum,0.310344828,0.117647059
Niger,Wholesale,Maradi,Sorghum,0.115384615,0.035714286
Niger,Wholesale,Niamey,Sorghum,0.111111111,-0.090909091
Niger,Wholesale,Tillaberi,Sorghum,0.178571429,0.064516129
Niger,Wholesale,Zinder,Sorghum,0.259259259,0.172413793
Ethiopia,Wholesale,Addis Ababa,Sorghum,-0.255813954,0.185185185
Nicaragua,Wholesale,Managua (oriental),Sorghum,-0.283018868,0.027027027
Ethiopia,Wholesale,Addis Ababa,Sorghum,-0.223880597,-0.018867925
Somalia,Retail,Borama,Sorghum,0.285714286,-0.1
Somalia,Retail,Bossaso,Sorghum,0.018018018,0.164948454
Somalia,Retail,Dinsoor,Sorghum,-0.15,1.125
Somalia,Retail,Galkayo,Sorghum,-0.136363636,-0.155555556
Somalia,Retail,Hargeisa,Sorghum,-0.153846154,-0.214285714
Somalia,Retail,Hudur,Sorghum,-0.34,-0.108108108
Somalia,Retail,Marka,Sorghum,-0.305555556,-0.107142857
Somalia,Retail,Mogadishu,Sorghum,-0.096774194,-0.066666667
Botswana,Retail,National Average,Sorghum,-0.125,-0.125
Cambodia,Wholesale,Kampong Cham,Soya beans,-0.011627907,-0.011627907
Cambodia,Wholesale,Banteay Meanchey,Soya beans,0.0,-0.01754386
Nigeria,Wholesale,Kano,Sorghum,0.0,0.25
Nigeria,Wholesale,Giwa,Sorghum,0.375,0.434782609
Nigeria,Wholesale,Ibadan,Sorghum,0.027777778,0.088235294
Nigeria,Wholesale,Kaura Namoda,Sorghum,0.0,-0.0625
Nigeria,Wholesale,Lagos,Sorghum,0.078947368,0.078947368
Nigeria,Wholesale,Maiduguri,Sorghum,0.24,-0.03125
Somalia,Retail,Lasanod,Sorghum,0.08045977,0.105882353
Cambodia,Wholesale,Phnom Penh,Soya beans,-0.011627907,-0.011627907
Argentina,Retail,Greater Buenos Aires,Sugar,0.347222222,0.2125
Bolivia,Retail,La Paz,Sugar,0.0,0.0
Egypt,Retail,National Average,Sugar,0.022988506,0.098765432
Bolivia,Retail,Trinidad,Sugar,0.013333333,-0.012987013
Bolivia,Retail,Tarija,Sugar,0.0,0.0
Bolivia,Retail,Santa Cruz,Sugar,0.01369863,0.01369863
Bolivia,Retail,Sucre,Sugar,0.085365854,0.072289157
Bolivia,Retail,Potosi,Sugar,0.032258065,0.032258065
Bolivia,Retail,Oruro,Sugar,0.0,-0.025
Samoa,Retail,National Average,Sugar,0.0,-0.090909091
Japan,Retail,Tokyo,Sugar,0.0,0.011049724
Japan,Retail,Osaka,Sugar,0.034883721,0.011363636
Israel,Retail,National Average,Sugar,-0.008,0.033333333
India,Retail,Chennai,Sugar,0.075471698,0.055555556
India,Wholesale,Mumbai,Sugar,-0.063829787,-0.063829787
India,Retail,Mumbai,Sugar,-0.01754386,-0.01754386
India,Retail,New Delhi,Sugar,-0.071428571,-0.087719298
India,Wholesale,New Delhi,Sugar,-0.117647059,-0.117647059
India,Retail,Patna,Sugar,-0.101694915,-0.14516129
Botswana,Retail,National Average,Sugar,-0.083969466,-0.117647059
Saudi Arabia,Retail,National Average,Sugar,0.0,0.0
Tunisia,Retail,National Average,Sugar,0.058823529,0.125
Angola,Retail,Luanda,Sugar,-0.063492063,-0.289156627
South Africa,Retail,National Average,Sugar,-0.192660551,-0.214285714
Occupied Palestinian Territory,Retail,West Bank,Sugar,0.021276596,0.054945055
Occupied Palestinian Territory,Retail,Gaza Strip,Sugar,-0.164556962,-0.12
Colombia,Wholesale,Cartagena,Sugar,-0.106060606,-0.169014085
Colombia,Wholesale,Bogotá,Sugar,0.0,-0.042253521
Colombia,Wholesale,Barranquilla,Sugar,0.066666667,-0.058823529
Mexico,Retail,Mexico City,Tortillas,-0.114285714,-0.074626866
Yemen,Retail,Hodeidah,Tomatoes,0.025806452,-0.397727273
Yemen,Retail,Hajjah,Tomatoes,0.00625,-0.356
Yemen,Retail,Hadramout,Tomatoes,0.323383085,-0.014814815
Yemen,Retail,Dhamar,Tomatoes,0.326241135,-0.438438438
Tunisia,Retail,National Average,Tomatoes,1.097560976,0.387096774
Iraq,Retail,National Average,Tomatoes,-0.024691358,-0.288288288
Egypt,Retail,National Average,Tomatoes,0.136363636,0.470588235
Samoa,Retail,National Average,Taro,-0.115789474,0.063291139
Ethiopia,Wholesale,Addis Ababa,Teff (mixed),0.06185567,0.373333333
Afghanistan,Retail,Kabul,Wheat,0.322580645,0.366666667
Yemen,Retail,Dhamar,Vegetable oil,0.111111111,0.158940397
Yemen,Retail,Hadramout,Vegetable oil,0.166666667,0.555555556
Yemen,Retail,Hajjah,Vegetable oil,0.173387097,0.281938326
Yemen,Retail,Hodeidah,Vegetable oil,0.153256705,0.180392157
Afghanistan,Retail,Herat,Wheat,0.142857143,0.066666667
Afghanistan,Retail,Jalalabad,Wheat,0.055555556,0.151515152
Afghanistan,Retail,Kandahar,Wheat,0.114285714,0.344827586
Argentina,Wholesale,Buenos Aires,Wheat,0.105263158,-0.045454545
Brazil,Wholesale,Paraná,Wheat,0.095238095,0.0
Brazil,Wholesale,Rio Grande do Sul,Wheat,0.176470588,0.0
Chile,Wholesale,National Average,Wheat,0.090909091,-0.04
China,Wholesale,National Average,Wheat,0.0,0.0
India,Retail,Patna,Wheat,-0.235294118,-0.161290323
India,Wholesale,New Delhi,Wheat,-0.15625,-0.035714286
India,Retail,New Delhi,Wheat,-0.138888889,0.0
India,Retail,Mumbai,Wheat,0.0,0.0
India,Wholesale,Mumbai,Wheat,-0.093023256,-0.025
India,Wholesale,Chennai,Wheat,0.1,0.1
India,Retail,Chennai,Wheat,0.040816327,0.085106383
India,Wholesale,Patna,Wheat,-0.076923077,-0.04
Israel,Wholesale,National Average,Wheat,0.103448276,0.066666667
Pakistan,Retail,Karachi,Wheat,-0.035714286,0.038461538
Sudan,Wholesale,Kadugli,Wheat,0.425,0.80952381
Sudan,Wholesale,Dongola,Wheat,0.475409836,0.956521739
Sudan,Wholesale,Al-Fashir,Wheat,1.25,1.589041096
South Africa,Wholesale,Randfontein,Wheat,0.033333333,0.0
Pakistan,Retail,Peshawar,Wheat,-0.074074074,-0.038461538
Pakistan,Retail,Multan,Wheat,-0.12,0.0
Pakistan,Retail,Lahore,Wheat,0.083333333,0.083333333
Yemen,Retail,Hajjah,Wheat,0.07,0.150537634
Sudan,Wholesale,Khartoum,Wheat,0.183333333,0.448979592
Uruguay,Wholesale,National Average,Wheat,0.0,-0.045454545
Yemen,Retail,Dhamar,Wheat,0.08,0.048543689
Yemen,Retail,Hadramout,Wheat,0.18627451,0.21
Ukraine,Wholesale,National Average,Wheat,0.157894737,0.1
Yemen,Retail,Hodeidah,Wheat,0.079545455,0.010638298
Russian Federation,Wholesale,National Average,Wheat,0.157894737,0.1
Morocco,Retail,National Average,Wheat,0.212121212,0.31147541
Saudi Arabia,Retail,National Average,Wheat,0.0,0.008695652
Italy,Wholesale,National Average,Wheat,0.066666667,0.185185185
Afghanistan,Retail,Herat,Wheat (flour),0.081081081,0.025641026
Bangladesh,Wholesale,Dhaka,Wheat (flour),-0.103448276,-0.037037037
Azerbaijan,Retail,National Average,Wheat (flour),-0.015151515,0.0
Argentina,Retail,Greater Buenos Aires,Wheat (flour),-0.015151515,-0.121621622
Afghanistan,Retail,Kandahar,Wheat (flour),0.146341463,0.382352941
Afghanistan,Retail,Kabul,Wheat (flour),0.236842105,0.236842105
Afghanistan,Retail,Jalalabad,Wheat (flour),0.119047619,0.175
Bangladesh,Retail,Dhaka,Wheat (flour),-0.03030303,0.0
Belarus,Retail,Minsk,Wheat (flour),-0.193548387,-0.180327869
Belarus,Retail,National Average,Wheat (flour),-0.147540984,-0.147540984
Botswana,Retail,National Average,Wheat (flour),-0.08974359,-0.077922078
Bolivia,Retail,Sucre,Wheat (flour),0.0,0.0
Bolivia,Retail,Oruro,Wheat (flour),0.0,-0.012820513
Bolivia,Retail,Santa Cruz,Wheat (flour),0.146666667,0.162162162
Bolivia,Retail,Trinidad,Wheat (flour),0.092105263,0.121621622
Brazil,Wholesale,Distrito Federal,Wheat (flour),-0.03125,-0.138888889
Brazil,Wholesale,São Paulo,Wheat (flour),-0.058823529,-0.127272727
Brazil,Retail,São Paulo,Wheat (flour),-0.214285714,-0.24137931
Cabo Verde,Retail,Santo Antão,Wheat (flour),0.061538462,0.061538462
Cabo Verde,Retail,São Vicente,Wheat (flour),-0.018518519,-0.018518519
Cabo Verde,Retail,Santiago,Wheat (flour),0.0,0.0
Colombia,Wholesale,Cartagena,Wheat (flour),0.040816327,0.0
Colombia,Wholesale,Bogotá,Wheat (flour),0.0,-0.036363636
Colombia,Wholesale,Barranquilla,Wheat (flour),-0.023255814,0.0
Cameroon,Retail,Yaoundé,Wheat (flour),0.0,-0.028985507
Cameroon,Retail,Douala,Wheat (flour),0.028985507,-0.013888889
El Salvador,Wholesale,San Salvador,Wheat (flour),0.0,0.0
Egypt,Retail,National Average,Wheat (flour),0.024390244,-0.045454545
Ecuador,Wholesale,Quito,Wheat (flour),-0.0625,-0.0625
Costa Rica,Retail,National Average,Wheat (flour),0.031746032,0.056910569
Eswatini,Retail,National average,Wheat (flour),-0.12244898,-0.131313131
India,Retail,New Delhi,Wheat (flour),-0.076923077,0.028571429
India,Retail,Mumbai,Wheat (flour),-0.020408163,0.021276596
India,Retail,Chennai,Wheat (flour),0.065217391,-0.02
Georgia,Retail,National Average,Wheat (flour),0.01369863,0.01369863
Mauritania,Retail,Nouakchott,Wheat (flour),-0.117647059,-0.134615385
Kazakhstan,Wholesale,National Average,Wheat (flour),0.085714286,0.117647059
Japan,Retail,Tokyo,Wheat (flour),0.004115226,0.029535865
Israel,Retail,National Average,Wheat (flour),0.0,0.028846154
Japan,Retail,Osaka,Wheat (flour),0.0,-0.008695652
Iraq,Retail,National Average,Wheat (flour),0.05,0.024390244
India,Retail,Patna,Wheat (flour),-0.195121951,-0.083333333
Indonesia,Retail,National Average,Wheat (flour),-0.05,-0.017241379
Mongolia,Retail,Bayan-Ulgii,Wheat (flour),0.018518519,0.0
Mongolia,Retail,Dornod,Wheat (flour),-0.018867925,-0.103448276
Mongolia,Retail,Selenge,Wheat (flour),-0.085106383,-0.14
Mongolia,Retail,Ulaanbaatar,Wheat (flour),0.025,0.025
Mongolia,Retail,Uvurkhangai,Wheat (flour),-0.022222222,-0.063829787
Namibia,Retail,Gobabis,Wheat (flour),-0.245901639,-0.220338983
Namibia,Retail,Swakopmund,Wheat (flour),-0.009345794,-0.070175439
Namibia,Retail,Otjiwarongo,Wheat (flour),0.127659575,0.081632653
Namibia,Retail,Oshakati,Wheat (flour),-0.08411215,-0.08411215
Namibia,Retail,Mariental,Wheat (flour),-0.080808081,-0.099009901
Namibia,Retail,Keetmanshoop,Wheat (flour),-0.150442478,-0.186440678
Namibia,Retail,Katima,Wheat (flour),-0.139130435,-0.175
Namibia,Retail,Windhoek,Wheat (flour),-0.082568807,-0.090909091
Nepal,Retail,Kathmandu,Wheat (flour),-0.018867925,0.238095238
Peru,Retail,Lima,Wheat (flour),0.088888889,0.105263158
Peru,Wholesale,Lima,Wheat (flour),-0.018867925,-0.018867925
Pakistan,Retail,Quetta,Wheat (flour),-0.03030303,0.142857143
Pakistan,Retail,Peshawar,Wheat (flour),0.0,0.148148148
Pakistan,Retail,Multan,Wheat (flour),0.153846154,0.153846154
Pakistan,Retail,Lahore,Wheat (flour),0.115384615,0.115384615
Pakistan,Retail,Karachi,Wheat (flour),-0.028571429,0.133333333
Occupied Palestinian Territory,Retail,Gaza Strip,Wheat (flour),0.038095238,0.058252427
Yemen,Retail,Hajjah,Wheat (flour),0.095652174,0.125
Yemen,Retail,Dhamar,Wheat (flour),0.025,0.025
Yemen,Retail,Hadramout,Wheat (flour),0.082568807,0.044247788
Sri Lanka,Retail,Colombo,Wheat (flour),-0.056603774,-0.056603774
South Sudan,Retail,Juba,Wheat (flour),1.347826087,1.103896104
Russian Federation,Retail,National Average,Wheat (flour),0.0,0.0
South Africa,Retail,National Average,Wheat (flour),-0.246753247,-0.292682927
Russian Federation,Retail,National Average,Wheat (flour),0.080649601,0.077979132
Yemen,Retail,Hodeidah,Wheat (flour),0.07,0.019047619
Zimbabwe,Retail,Harare,Wheat (flour),0.212765957,1.035714286
Zimbabwe,Retail,Harare,Wheat (flour),0.212765957,1.035714286
Zimbabwe,Retail,Manicaland,Wheat (flour),0.435714286,1.284090909
Zimbabwe,Retail,Mash central,Wheat (flour),0.416666667,0.91011236
Zimbabwe,Retail,Mash east,Wheat (flour),0.456,1.11627907
Zimbabwe,Retail,Mash west,Wheat (flour),-0.133858268,0.264367816
Zimbabwe,Retail,Masvingo,Wheat (flour),0.480916031,1.179775281
Zimbabwe,Retail,Mat north,Wheat (flour),0.455223881,1.321428571
Zimbabwe,Retail,Mat south,Wheat (flour),0.430555556,0.791304348
Zimbabwe,Retail,Midlands,Wheat (flour),0.335714286,1.032608696
Armenia,Retail,National Average,Wheat (flour),0.0,0.0
China,Wholesale,National Average,Wheat (flour),0.02,-0.019230769
Kyrgyzstan,Retail,National Average,Wheat (flour),0.106382979,0.209302326
Tajikistan,Retail,National Average,Wheat (flour),0.243243243,0.210526316
Uzbekistan,Wholesale,National Average,Wheat (flour),0.52,0.727272727
Ukraine,Wholesale,National Average,Wheat (flour),0.0,0.0
Italy,Wholesale,National Average,Wheat (milling soft),0.047619048,-0.083333333
Ethiopia,Wholesale,Addis Ababa,Wheat (white),-0.15,-0.037735849
Ethiopia,Wholesale,Bale Robe,Wheat (white),-0.125,-0.086956522
Ethiopia,Wholesale,Diredawa,Wheat (white),0.036363636,0.0
Ethiopia,Wholesale,Debre Marcos,Wheat (white),-0.156862745,-0.12244898
Ethiopia,Wholesale,Jimma,Wheat (white),-0.018181818,0.058823529
Ethiopia,Wholesale,Shashemene,Wheat (white),-0.134615385,-0.0625
Zambia,Retail,National Average,White roller maize meal,-0.324324324,-0.074074074
Ghana,Wholesale,Kumasi,Yam,1.304347826,1.304347826
Ghana,Wholesale,Bolgatanga,Yam,1.0,0.0
Ghana,Wholesale,Accra,Yam,0.083333333,-0.338983051
Cote d'Ivoire,Retail,Abidjan,Yam,-0.054945055,-0.180952381
Benin,Retail,Parakou,Yam,0.057142857,0.027777778
Benin,Retail,Natitingou,Yam,0.088235294,0.057142857
Benin,Retail,Cotonou,Yam,0.057692308,0.1
Ghana,Wholesale,Tamale,Yam,-0.090909091,0.0
Ghana,Wholesale,Techiman,Yam,0.7,-0.128205128
